url,company_name,batch,sector,one_liner,overall_signal,founder_worked_in_target_industry,founder_held_target_function,founder_has_prior_exit,founder_is_repeat_yc,founder_from_top_co,domain_relevance_score,has_technical_cofounder,has_commercial_cofounder,has_domain_expert,is_solo_founder,team_completeness_score,one_line_risk,one_line_strength
https://www.ycombinator.com/companies/zymbly,Zymbly,W26,Aviation/Aerospace,Automates admin for aircraft mechanics,STRONG,True,True,False,False,False,10,True,True,True,False,10,Highly regulated aviation industry may resist AI automation,Perfect founder-market fit with deep aviation maintenance expertise
https://www.ycombinator.com/companies/general-legal,General Legal,W26,Legal Tech,AI native law firm for growth stage companies,STRONG,True,True,True,True,False,10,True,True,True,False,10,Competing against established BigLaw firms with deep client relationships,Perfect founder-market fit with legal expertise plus AI/tech background
https://www.ycombinator.com/companies/mendral,Mendral,W26,DevOps/Infrastructure,AI DevOps Engineer that autonomously handles CI failures and delivery pipeline issues,STRONG,True,True,False,True,True,10,True,True,True,False,10,Market may be crowded with DevOps automation tools,Founders literally built Docker and have deep DevOps expertise
https://www.ycombinator.com/companies/end-close,End Close,W26,Fintech,AI powered reconciliation for high-volume payments companies,STRONG,True,True,False,True,True,10,True,True,True,False,10,Competing against established legacy providers with existing enterprise relationships,"CEO built exact product at Modern Treasury, processing $1T with 99.995% automation"
https://www.ycombinator.com/companies/ndea-com,Ndea,W26,Artificial Intelligence,Building AGI that can innovate and accelerate scientific discovery,STRONG,True,True,True,False,True,10,True,True,True,False,10,Extremely ambitious AGI timeline with massive technical and competitive risks,World-class AI expertise with Francois Chollet (Keras creator) leading technical vision
https://www.ycombinator.com/companies/crosslayer-labs,Crosslayer Labs,W26,Cybersecurity,"Protect, monitor and defend your Internet presence",STRONG,True,True,False,False,True,10,True,False,True,False,7,Academic team may struggle with commercial execution and sales,World-class security expertise with proven impact on global internet standards
https://www.ycombinator.com/companies/martini,Martini,W26,Media/Entertainment,AI video production platform for professional filmmakers,STRONG,True,True,False,False,False,9,True,False,True,False,7,Missing commercial/GTM expertise in competitive AI video space,Cannes-screened cinematographer building tools for his own industry
https://www.ycombinator.com/companies/condor-energy,Condor Energy,W26,Energy,AI-powered software for enterprise energy procurement optimization,STRONG,True,True,False,False,False,9,True,True,True,False,10,Highly regulated energy market with complex compliance requirements,Deep domain expertise with former electricity trader and energy physicists
https://www.ycombinator.com/companies/unifold,Unifold,W26,Fintech,Multi-chain deposit and payment infrastructure for crypto apps,STRONG,True,True,True,False,False,9,True,True,True,False,9,Crypto market volatility and regulatory uncertainty could limit adoption,Strong crypto/fintech domain expertise with prior successful exit to MoonPay
https://www.ycombinator.com/companies/origami-robotics,Origami Robotics,W26,Robotics,Building manipulate anything AI model with matching robotic hand hardware,STRONG,True,True,False,False,False,9,True,True,True,False,9,Hardware manufacturing complexity and scaling data collection partnerships,Deep robotics expertise with novel approach to embodiment gap problem
https://www.ycombinator.com/companies/polymorph,Polymorph,W26,B2B,"Personalization infra that improves retention, LTV, and CAC",STRONG,True,True,False,False,True,9,True,False,True,False,7,Missing commercial/GTM expertise in founding team,Deep ML/personalization expertise from Meta and Scale AI
https://www.ycombinator.com/companies/spotpay,SpotPay,W26,Fintech,Stablecoin-powered global neobank for borderless payments,STRONG,True,True,False,False,True,9,True,True,True,False,10,Regulatory complexity across 40+ countries for crypto-based banking,Perfect founder-market fit with Google/Brex fintech expertise
https://www.ycombinator.com/companies/voygr,VOYGR,W26,B2B Software,Real-world place intelligence API for AI apps and agents,STRONG,True,True,False,False,True,9,True,True,True,False,10,Competing directly with Google's massive maps monopoly and resources,Perfect founder-market fit with Google Maps insider knowledge and top-tier ML expertise
https://www.ycombinator.com/companies/canary,Canary,W26,B2B Software,AI QA engineer that reads source code to catch bugs,STRONG,True,True,False,False,True,9,True,True,True,False,9,Highly competitive AI tooling space with many well-funded players,Deep technical expertise from top AI companies building exactly what they know
https://www.ycombinator.com/companies/grade,Grade,W26,B2B,API for performance-based payroll,STRONG,True,True,True,False,True,9,True,True,True,False,10,Performance-based payroll is complex regulatory minefield with compliance challenges,Perfect founder-market fit with prior exits and direct payments experience
https://www.ycombinator.com/companies/beesafe-ai,BeeSafe AI,W26,Cybersecurity,AI agents that defend against social engineering attacks,STRONG,True,True,False,False,True,9,True,False,True,False,7,Missing commercial cofounder for enterprise sales execution,Deep ML/security expertise with Google pedigree targeting real problem
https://www.ycombinator.com/companies/fed10,Fed10,W26,B2B,AI agents that replace your policy consultants,STRONG,True,True,False,False,False,9,True,True,True,False,10,Regulatory/compliance market may be too niche for massive scale,Three ex-lobbyists who actually passed legislation building AI replacement
https://www.ycombinator.com/companies/squid,Squid,W26,Energy/Infrastructure,AI agents for power grid planning,STRONG,True,True,False,False,True,9,True,True,True,False,10,Highly regulated industry with long sales cycles and entrenched incumbents,Deep domain expertise from National Grid and Octopus Energy insiders
https://www.ycombinator.com/companies/corelayer,Corelayer,W26,B2B,"AI on-call engineer for data-heavy, regulated industries",STRONG,True,True,False,False,True,9,True,False,True,False,7,Missing commercial cofounder for enterprise sales in regulated industries,Perfect founder-market fit with deep Goldman Sachs data infrastructure experience
https://www.ycombinator.com/companies/sequence-markets,Sequence Markets,W26,Fintech,"Low-latency execution across crypto, prediction, and tokenized assets",STRONG,True,True,False,False,False,9,True,True,True,False,9,Highly competitive space with established players and regulatory uncertainty,Founder with direct trading experience at $13B fund and exchange
https://www.ycombinator.com/companies/ditto-biosciences,Ditto Biosciences,W26,Biotech,AI-powered drug discovery using parasite biology for autoimmune diseases,STRONG,True,True,False,False,False,9,True,True,True,False,9,Long drug development timelines and regulatory approval challenges,Deep scientific expertise with novel approach to autoimmune therapeutics
https://www.ycombinator.com/companies/servo7,Servo7,W26,Robotics,Robots that 10x manual industry work,STRONG,True,True,True,False,True,9,True,True,True,False,9,Robotics hardware is notoriously difficult to scale and deploy reliably,Exceptional technical founders with direct robotics deployment experience at Boeing
https://www.ycombinator.com/companies/constellation-space,Constellation Space,W26,Space Tech,AI operating system for mega-scale satellite networks,STRONG,True,True,False,False,True,9,True,False,True,False,7,Missing commercial/GTM expertise in highly technical space industry,"Deep satellite systems expertise from SpaceX, Blue Origin, NASA"
https://www.ycombinator.com/companies/congruent,Congruent,W26,Automotive/Hardware,AI native radars for self-driving cars,STRONG,True,True,False,False,False,9,True,False,True,False,7,Missing commercial cofounder for complex automotive sales cycles,Deep autonomy expertise with ex-head of autonomy at Zendar
https://www.ycombinator.com/companies/usereframe,Reframe,W26,B2B,AI-native hardware procurement marketplace automating component sourcing,STRONG,True,True,False,False,True,9,True,False,True,False,7,Missing commercial/sales expertise for complex B2B procurement sales cycles,Apple hardware engineer who lived the exact procurement pain they're solving
https://www.ycombinator.com/companies/approxima,Approxima,W26,Enterprise Software,"AI agents that automatically code, test, and deploy software fixes",STRONG,True,True,False,False,True,9,True,False,True,False,7,Missing commercial cofounder for enterprise sales execution,"Elite technical founders from Jane Street, Citadel, Databricks building dev tools"
https://www.ycombinator.com/companies/maywood,Maywood,W26,Fintech,Automating the entire IB deal workflow,STRONG,True,True,False,False,True,9,True,True,True,False,10,Selling to conservative investment banks with long sales cycles,Perfect founder-market fit with ex-Blackstone CEO and strong technical team
https://www.ycombinator.com/companies/chamber,Chamber,W26,B2B,AIOps agent for ML teams that automates infrastructure monitoring and optimization,STRONG,True,True,True,False,True,9,True,True,True,False,10,Competitive market with established players like DataDog and New Relic,Exceptional founder-market fit with deep ML infrastructure experience at top companies
https://www.ycombinator.com/companies/visibl-semiconductors,Visibl Semiconductors,W26,B2B Software,AI platform that turns compute into chip design capacity,STRONG,True,True,False,False,True,9,True,True,True,False,9,Semiconductor industry adoption cycles are notoriously slow and conservative,"CTO designed AI silicon at Microsoft, perfect domain expertise"
https://www.ycombinator.com/companies/terminal-use,Terminal Use,W26,Developer Tools,Vercel for background agents - orchestration platform for AI agents,STRONG,True,True,False,False,True,9,True,False,True,False,7,Missing commercial/GTM expertise in technical founding team,Deep domain expertise from building largest agent use cases at Palantir
https://www.ycombinator.com/companies/overshoot,Overshoot,W26,AI Infrastructure,AI infrastructure for real-time vision applications,STRONG,True,True,True,False,True,9,True,False,True,False,7,Missing commercial/GTM expertise in technical founding team,Deep technical expertise in exact domain from Meta/Uber/Intel
https://www.ycombinator.com/companies/proximitty,Proximitty,W26,Fintech,Autonomous business loan servicing using AI agents,STRONG,True,True,False,False,True,9,True,True,True,False,10,Early stage with limited proven scale despite impressive early traction,Perfect founder-market fit with deep fintech experience and strong technical execution
https://www.ycombinator.com/companies/brownie,IncidentFox,W26,AIOps,"AI SRE agent that triages, coordinates, and fixes production incidents",STRONG,True,True,False,False,True,9,True,False,True,False,7,Missing commercial/GTM expertise for enterprise sales motion,Perfect founder-market fit with ex-Roblox SRE building SRE tools
https://www.ycombinator.com/companies/compresr,Compresr,W26,AI/ML Infrastructure,LLM context compression API for better accuracy and lower costs,STRONG,True,True,False,False,True,9,True,False,True,False,7,Heavily technical team lacks commercial/GTM experience for enterprise sales,Deep ML research expertise with PhD-level domain knowledge in exact problem
https://www.ycombinator.com/companies/opalite-health,Opalite Health,W26,Healthcare,AI medical interpreter for healthcare providers to communicate with non-English patients,STRONG,True,True,False,False,True,9,True,False,True,False,7,Missing commercial cofounder for healthcare sales and GTM strategy,Physician founder with 200+ publications building exactly what she needs
https://www.ycombinator.com/companies/sponge,Sponge,W26,Fintech,Financial infrastructure for autonomous AI agents to hold and spend money,STRONG,True,True,False,False,True,9,True,True,True,False,9,Very early market - AI agents making autonomous payments still nascent,Three ex-Stripe Crypto founders building payments infrastructure for emerging AI economy
https://www.ycombinator.com/companies/ventura,Ventura,W26,B2B,AI Teammates for Industrial Distributors,STRONG,True,True,True,False,True,9,True,True,True,False,10,Narrow market focus may limit scalability beyond industrial distribution,Perfect founder-market fit with prior exit in exact same industry
https://www.ycombinator.com/companies/arcline,Arcline,W26,Legal Tech,AI-native legal services for startups with same-day turnaround,STRONG,True,True,False,False,True,9,True,True,True,False,9,Regulatory challenges and lawyer resistance to AI disruption,"Founder was outside counsel to OpenAI, perfect domain expertise"
https://www.ycombinator.com/companies/beyond-reach-labs,Beyond Reach Labs,W26,Aerospace,Space solar arrays that grow to the size of a football field in orbit,STRONG,True,True,False,False,True,9,True,False,True,False,7,Missing commercial cofounder for complex aerospace sales cycles,PhD founder with NASA experience building exactly what they're selling
https://www.ycombinator.com/companies/robodock,RoboDock,W26,Robotics,Robots that automate depot operations for autonomous vehicle fleets,STRONG,True,True,False,False,True,9,True,False,True,False,7,Missing commercial cofounder for complex B2B fleet sales,"Deep robotics expertise from Amazon, Zipline, Plus in exact domain"
https://www.ycombinator.com/companies/mousecat,MouseCat,W26,Fintech,AI-powered fraud investigations for companies,STRONG,True,True,True,False,True,9,True,False,True,False,7,Missing commercial/GTM expertise on founding team,Deep fraud/risk domain expertise from Coinbase + AWS AI experience
https://www.ycombinator.com/companies/palus-finance,Palus Finance,W26,Fintech,"40% higher yields on company cash, in under 5 minutes",STRONG,True,True,False,False,True,9,True,False,True,False,7,Missing commercial cofounder for sales and customer acquisition,Deep financial expertise with technical execution capability
https://www.ycombinator.com/companies/21st,21st,W26,Developer Tools,Infrastructure and UI building blocks for the agentic internet,STRONG,True,True,True,False,False,9,True,False,True,False,7,Missing commercial/GTM expertise in competitive developer tools market,Proven product-market fit with 1.4M developers already using their platform
https://www.ycombinator.com/companies/kyten-technologies,Kyten Technologies,W26,Aerospace,"Custom aerospace-grade battery packs for drones, submarines, and satellites",STRONG,True,True,False,False,True,9,True,False,True,False,7,Missing commercial/sales expertise for scaling manufacturing business,Deep SpaceX/Starlink experience with exact product they're building
https://www.ycombinator.com/companies/pirislabs,Piris Labs,W26,AI Infrastructure,"Photonic hardware for faster, cheaper AI inference",STRONG,True,True,False,False,True,9,True,True,True,False,9,Photonic hardware is extremely difficult to manufacture and scale,Deep technical expertise from MIT/Meta solving critical AI infrastructure bottleneck
https://www.ycombinator.com/companies/celltype,CellType,W26,Biotech,AI agents that run drug discovery pipeline on biological foundation models,STRONG,True,True,False,False,True,9,True,False,True,False,7,Missing commercial cofounder for pharma sales and partnerships,Yale professor with Google DeepMind collaboration and proven cancer discovery
https://www.ycombinator.com/companies/beacon-health,Beacon Health,W26,Healthcare,AI employees that automate workflows for primary care practices,STRONG,True,True,False,False,True,9,True,True,True,False,9,Healthcare AI regulation and EHR integration complexity,Founder embedded 6 months in target practice doing exact workflows
https://www.ycombinator.com/companies/strand-ai,Strand AI,W26,Healthcare/Biotech,Multimodal foundation models to predict uncollected patient biology,STRONG,True,True,False,False,True,9,True,False,True,False,7,Missing commercial/GTM expertise for pharma sales cycles,Deep biotech domain expertise with proven foundation model capabilities
https://www.ycombinator.com/companies/protent,Protent,W26,Security/AI,Real-time video intelligence for proactive public safety surveillance,STRONG,True,True,False,False,True,9,True,False,True,False,7,Missing commercial/sales expertise for government procurement cycles,Deep technical expertise in classified video intelligence systems
https://www.ycombinator.com/companies/legalos,LegalOS,W26,Legal Tech,AI-native immigration law firm with 40+ years expertise,STRONG,True,True,False,False,False,9,True,True,True,False,9,Regulatory compliance and liability in highly regulated legal industry,Deep family immigration law expertise with proven track record
https://www.ycombinator.com/companies/10x-science,10x Science,W26,Biotech,AI-native platform for next-generation protein characterization,STRONG,True,True,False,True,True,9,True,False,True,False,7,Missing commercial/GTM expertise for complex biotech sales cycles,Deep domain expertise from Nobel laureate lab with proven research track record
https://www.ycombinator.com/companies/rev1,REV1,W26,B2B Software,AI that turns 3D CAD models into manufacturing-ready 2D drawings,STRONG,True,True,False,False,True,9,True,False,True,False,7,Missing commercial cofounder to drive sales in conservative engineering market,Perfect founder-market fit with deep domain expertise from Apple/Tesla
https://www.ycombinator.com/companies/shortkit,ShortKit,W26,B2B Software,Short-form video infrastructure SDK for consumer apps,STRONG,True,True,False,False,True,9,True,True,True,False,9,Competing against well-funded video infrastructure incumbents like Mux,Michael built YouTube Shorts infrastructure for 6 years
https://www.ycombinator.com/companies/axis-2,Axis,W26,Fintech,AI-Native Trading System for commodities markets,STRONG,True,True,False,False,False,9,True,True,True,False,9,Highly regulated market with established institutional players,Both founders are experienced quantitative traders building for their domain
https://www.ycombinator.com/companies/runanywhere,RunAnywhere,W26,AI/ML Infrastructure,Infrastructure layer for deploying on-device AI at scale,STRONG,True,True,False,False,True,9,True,True,True,False,9,Highly competitive space with tech giants building similar solutions,Deep technical expertise with proven performance improvements in AI inference
https://www.ycombinator.com/companies/lucent,Lucent,W26,B2B Software,AI that automatically improves products from user behavior,STRONG,True,True,True,False,True,9,True,True,True,True,7,Solo founder scaling challenge despite strong technical and domain expertise,"Exceptional founder with prior exit, top company experience, and deep domain knowledge"
https://www.ycombinator.com/companies/one-robot,One Robot,W26,Robotics,World models for robot evals and training,STRONG,True,True,False,False,True,9,True,False,True,False,7,Missing commercial cofounder for GTM in competitive robotics market,"Deep robotics expertise from Tesla, Google, NASA with proven track record"
https://www.ycombinator.com/companies/valgo,Valgo,W26,Insurtech,Insurance risk layer for physical AI systems,STRONG,True,True,False,False,False,9,True,True,True,False,10,Nascent autonomous systems market may take years to mature,Perfect founder-market fit with deep technical and insurance expertise
https://www.ycombinator.com/companies/corvera,Corvera,W26,B2B,AI agent workforce for CPG back-office operations,STRONG,True,True,True,False,True,9,True,True,True,False,10,Early stage with limited track record in AI agents,Perfect founder-market fit with prior CPG exit and Google AI expertise
https://www.ycombinator.com/companies/catchback-cards,CatchBack Cards,W26,Consumer,Mobile platform for creating and opening digital collectible card packs,STRONG,True,True,False,False,True,9,True,False,True,False,7,Niche market with regulatory risks around gambling mechanics,"Founder sold $500K Pokemon cards, deep domain expertise"
https://www.ycombinator.com/companies/vector-legal,Vector Legal,W26,Legal Tech,AI-native law firm and software platform for startups,STRONG,True,True,False,False,False,9,True,True,True,False,10,Regulatory challenges and bar association restrictions on AI legal services,Founder was startup lawyer at top firms serving exact target market
https://www.ycombinator.com/companies/generalastro,General Astronautics,W26,Aerospace/Robotics,Autonomous robots for research and manufacturing in space,STRONG,True,True,False,False,True,9,True,False,True,False,7,Solo technical founder without clear commercial/sales expertise,SpaceX aerospace engineer with direct space hardware experience
https://www.ycombinator.com/companies/alt-x,Alt-X,W26,Fintech,AI automation for institutional-grade financial modeling in Excel,STRONG,True,True,False,False,True,9,True,True,True,False,9,Excel dependency limits market expansion beyond traditional finance workflows,Deep domain expertise with Citadel trader building for exact workflow
https://www.ycombinator.com/companies/button-computer,Button Computer,W26,Hardware,Wearable AI button that enables instant voice conversations with AI,STRONG,True,True,False,False,True,9,True,False,True,False,7,Hardware execution and manufacturing scale challenges for consumer wearables,Apple Vision Pro veterans building conversational AI hardware
https://www.ycombinator.com/companies/q2q,Q2Q,W26,Fintech,AI-native outbound engine for private equity deal sourcing,STRONG,True,True,True,False,False,9,True,True,True,False,10,Competitive moat unclear in crowded AI sales automation space,Perfect founder-market fit with PE experience and prior exit
https://www.ycombinator.com/companies/shofo,Shofo,W26,AI/ML,Building the world's largest video library for AI training datasets,STRONG,True,True,False,False,True,8,True,True,True,False,9,Scaling video processing infrastructure and managing copyright/licensing issues,Strong technical team with prior AI startup experience and clear market need
https://www.ycombinator.com/companies/carrot-labs,Carrot Labs,W26,Artificial Intelligence,Continuous fine-tuning platform for specialized business LLMs,STRONG,True,True,False,False,True,8,True,False,True,False,7,Missing commercial cofounder for GTM in competitive AI tooling space,Strong ML expertise from Snowflake scaling $250M to $3.6B revenue
https://www.ycombinator.com/companies/mochacare,MochaCare,W26,Healthcare,"AI-powered management service for care organizations handling hiring, scheduling, client intake",STRONG,True,True,False,False,True,8,True,False,True,False,7,Missing commercial/sales expertise for B2B care organization market,Deep personal caregiving experience plus strong technical backgrounds from top companies
https://www.ycombinator.com/companies/veriad,Veriad,W26,B2B,AI agents that replace enterprise marketing compliance reviewers,STRONG,True,True,False,False,False,8,True,True,True,False,9,Early stage with limited track record in scaling AI agents,Founders built and sold compliance tools to F500s before
https://www.ycombinator.com/companies/talking-computers,Talking Computers,W26,AI/ML,AI research lab building autonomous AI scientists and workplace AI systems,STRONG,True,True,False,False,True,8,True,False,True,False,7,Heavy technical focus without clear commercial/GTM expertise,Deep ML expertise from Modular with proven ability to deliver results
https://www.ycombinator.com/companies/getbalance,Balance,W26,Fintech,AI accounting firm providing real-time bookkeeping for SMBs,STRONG,True,True,False,False,False,8,True,True,True,False,9,Competitive market with established accounting software and service providers,Strong domain expertise with CFO experience and technical AI capabilities
https://www.ycombinator.com/companies/chasi,Chasi,W26,B2B,AI Revenue Engine for the Equipment Industry,STRONG,True,False,False,False,True,8,True,True,True,False,9,Complex enterprise sales cycles in traditional equipment industry,Deep domain expertise with Tesla/Boeing/Cummins AI deployment experience
https://www.ycombinator.com/companies/glue,Glue,W26,Developer Tools,Open source design editor for AI agents to create interfaces,STRONG,True,True,False,False,True,8,True,False,True,False,7,Very early market - AI agents building interfaces not proven need,Strong technical founders from top companies building for emerging AI workflow
https://www.ycombinator.com/companies/voxel-energy,Voxel Energy,W26,Energy,Energy independent data centers with solar and repurposed batteries,STRONG,True,True,False,False,True,8,True,True,True,False,9,Unproven market demand for off-grid data center solutions,Tesla veterans with deep EV battery and energy systems expertise
https://www.ycombinator.com/companies/polymath,Polymath,W26,AI/ML,Simulated worlds for training and evaluating long-horizon AI agents,STRONG,True,True,False,False,True,8,True,False,True,False,7,Missing commercial cofounder for GTM in competitive AI infrastructure space,Deep AI/ML expertise from top companies building exactly what they know
https://www.ycombinator.com/companies/pocket,Pocket,W26,Consumer Hardware,"AI device that turns conversations into notes, summaries, and action items",STRONG,True,False,False,False,False,8,True,True,True,False,8,Hardware scaling challenges and competitive moat against software-only solutions,Strong product-market fit with $27M ARR and 50% monthly growth
https://www.ycombinator.com/companies/forum,Forum,W26,Fintech,First regulated exchange to trade on cultural attention and virality,STRONG,True,True,False,False,False,8,True,True,True,False,9,Regulatory approval for attention trading may be difficult to obtain,Strong founder-market fit with trading and engineering expertise
https://www.ycombinator.com/companies/emdash,Emdash,W26,Developer Tools,Open-source desktop app for running multiple coding agents in parallel,STRONG,True,True,False,True,False,8,True,False,True,False,7,Commercial/GTM experience gap in founding team,Strong technical founders solving their own developer workflow pain point
https://www.ycombinator.com/companies/patientdeskai,Patientdesk.ai,W26,Healthcare,AI front & back office agent for dental practices,STRONG,True,True,False,False,False,8,True,True,True,False,9,Young founders with limited professional experience beyond their agency,Deep domain expertise from running dental marketing agency and call center
https://www.ycombinator.com/companies/seeing-systems,Seeing Systems,W26,Defense Tech,Modular AI-commanded autonomous strike drones for defense,STRONG,True,True,False,False,True,8,True,False,True,False,7,Missing commercial/sales expertise for defense procurement processes,Deep defense domain expertise with Jane Street technical pedigree
https://www.ycombinator.com/companies/prana-health,Prana,W26,Healthcare,"AI primary care doctor providing continuous, proactive healthcare monitoring",STRONG,True,False,False,False,False,8,True,False,True,False,7,Regulatory hurdles and liability concerns for AI-driven medical decisions,Strong medical expertise with CEO deferring med school and MD cofounder
https://www.ycombinator.com/companies/mango-medical-inc,Mango Medical,W26,Healthcare,Foundation models for planning orthopedic surgery,STRONG,True,True,False,False,False,8,True,False,True,False,7,Regulatory approval timeline and clinical validation requirements,Ex-dentist founder with direct surgical experience building AI for surgery
https://www.ycombinator.com/companies/terranox-ai,Terranox AI,W26,Energy/Mining,AI-powered uranium discovery company using ML to find deposits,STRONG,True,True,False,False,False,8,True,True,True,False,9,Extremely capital intensive industry with long development cycles,Perfect timing with nuclear renaissance and deep domain expertise
https://www.ycombinator.com/companies/orthogonal,Orthogonal,W26,B2B,Agentic payments platform enabling AI agents to discover and pay for APIs,STRONG,True,True,False,False,True,8,True,True,True,False,9,Early market - agents may not need paid API access at scale yet,Strong technical team from top companies building for emerging AI agent economy
https://www.ycombinator.com/companies/ashr,Ashr,W26,Developer Tools,Automated multi-modal testing platform for AI agents,STRONG,True,True,True,False,False,8,True,False,True,False,7,Limited commercial/GTM experience may hinder enterprise sales adoption,Deep AI agent building experience with prior exit validates execution ability
https://www.ycombinator.com/companies/autositu,AutoSitu,W26,GovTech,AI-native workspace for development plan reviews,STRONG,True,True,False,False,False,8,True,False,True,False,7,Limited commercial/sales experience for complex government sales cycles,Perfect founder-market fit with urban planning expertise and AI skills
https://www.ycombinator.com/companies/cumulus-labs,Cumulus Labs,W26,AI Infrastructure,Fast multimodal inference OS for AI teams,STRONG,True,True,False,False,True,8,True,False,True,False,7,Missing commercial cofounder for GTM in competitive AI infrastructure space,Strong technical team with direct AI infrastructure experience at Palantir
https://www.ycombinator.com/companies/zerosettle,ZeroSettle,W26,B2B Software,Drop-in Direct Billing SDK for In-App Purchases,STRONG,True,True,False,False,True,8,True,False,True,False,7,Missing commercial cofounder to drive sales and GTM strategy,Ex-Apple engineers building for mobile payments they deeply understand
https://www.ycombinator.com/companies/carson,Carson,W26,AI/Productivity,"Desktop AI app that generates custom, sharable workspaces",STRONG,True,True,False,True,True,8,True,True,True,False,9,Crowded AI productivity space with unclear differentiation from existing tools,Strong technical team from top companies with prior YC experience
https://www.ycombinator.com/companies/cascade,Cascade,W26,AI/ML Infrastructure,Evaluation infrastructure to make AI agents work reliably in production,STRONG,True,True,False,False,True,8,True,False,True,False,7,Missing commercial/GTM expertise in highly competitive AI infrastructure space,Deep AI research background with production experience at top companies
https://www.ycombinator.com/companies/clam,Clam,W26,B2B Software,Self-fixing automations for fast-moving startups built on OpenClaw,STRONG,True,True,False,False,False,8,True,False,True,False,7,Missing commercial cofounder for GTM in competitive automation space,Strong technical team with direct automation and AI integration experience
https://www.ycombinator.com/companies/sentrial,Sentrial,W26,AI/ML Infrastructure,Production monitoring platform for AI agents and products,STRONG,True,True,False,False,False,8,True,False,True,False,7,Early stage market with unclear enterprise adoption timeline,Founders experienced exact pain point building AI agents
https://www.ycombinator.com/companies/asimov,Asimov,W26,Robotics,Real-world human movement data for humanoid robots,STRONG,True,True,False,False,True,8,True,False,True,False,7,Scaling data collection network and competing with tech giants' resources,Deep robotics expertise with ML/AI background from top companies
https://www.ycombinator.com/companies/syntropy,Syntropy,W26,Developer Tools,Autonomous coding agent for complex long-horizon development tasks,STRONG,True,True,False,False,True,8,True,False,True,False,7,Missing commercial/GTM expertise in competitive AI coding agent space,Strong technical founders with direct experience at top tech companies
https://www.ycombinator.com/companies/payna,Payna,W26,B2B,AI licensing agent for regulated industries compliance automation,STRONG,True,True,False,False,False,8,True,False,True,False,7,Missing commercial cofounder for complex B2B regulatory sales cycles,Deep firsthand experience with exact pain point they're solving
https://www.ycombinator.com/companies/voltair,Voltair,W26,Aerospace/Drones,Autonomous drones for Earth observation with utility grid charging network,STRONG,True,True,False,False,True,8,True,False,True,False,7,Complex regulatory environment and infrastructure deployment challenges,Deep technical expertise with direct utility industry experience
https://www.ycombinator.com/companies/captain,Captain,W26,AI/ML Infrastructure,API for AI agents to accurately search unstructured data,STRONG,True,True,False,False,False,8,True,False,True,False,7,Missing commercial/GTM expertise in technical founding team,Deep AI/ML expertise with 4+ years scaling RAG pipelines
https://www.ycombinator.com/companies/avoice,Avoice,W26,B2B Software,AI-native workspace for architecture firms automating non-design work,STRONG,True,False,True,False,False,7,True,True,True,False,8,Architecture industry notoriously slow to adopt new technology,CEO has prior exit and deep architecture industry sales experience
https://www.ycombinator.com/companies/arc-prize-foundation,ARC Prize Foundation,W26,AI/ML,AI benchmarks that measure general intelligence and inspire new ideas,STRONG,True,False,False,False,True,7,True,True,True,False,8,Nonprofit model may limit scalability and monetization potential,"Founded by Francois Chollet, creator of original ARC benchmark"
https://www.ycombinator.com/companies/autumn-ai,Autumn AI,W26,B2B SaaS,Real-time signal intelligence platform for GTM teams to track prospects,STRONG,True,True,False,False,False,7,True,True,True,False,8,Competitive market with many sales intelligence tools already established,Strong technical team with direct GTM experience building for known problem
https://www.ycombinator.com/companies/grazemate,GrazeMate,W26,Agriculture/AgTech,Autonomous AI drones that herd cattle for ranchers,MODERATE,True,True,False,False,False,10,True,False,True,True,6,Solo founder lacks commercial/sales experience for B2B ranch sales,"Perfect domain fit - grew up on cattle farm, understands exact problem"
https://www.ycombinator.com/companies/aurorin-cad,Aurorin CAD,W26,Engineering Software,AI-native CAD software built from scratch for speed and automation,MODERATE,True,True,False,False,True,9,True,False,True,True,6,Solo founder lacks commercial/GTM expertise in competitive CAD market,Deep technical expertise from SpaceX/Apple building exactly what engineers need
https://www.ycombinator.com/companies/byteport,Byteport,W26,Infrastructure,Global upload acceleration for 1GB-100TB files,MODERATE,True,True,False,False,True,9,True,False,True,True,6,Solo founder lacks commercial/GTM expertise for enterprise sales,Deep networking expertise from CERN and Netflix infrastructure experience
https://www.ycombinator.com/companies/codewisp,CodeWisp,W26,Gaming/AI Tools,AI platform for creating web games with plain-English prompts,MODERATE,True,True,False,False,False,9,True,False,True,True,6,Solo founder lacks commercial/GTM expertise for consumer product,Founder has exceptional game dev credentials and massive audience
https://www.ycombinator.com/companies/daivin,DAIVIN!,W26,Hardware,Tankless dive gear using electrolysis to extract oxygen from water,MODERATE,True,True,False,False,False,8,True,False,True,True,6,Solo founder with no commercial cofounder for complex hardware product,Deep technical expertise with working prototype of revolutionary diving technology
https://www.ycombinator.com/companies/openspec,OpenSpec,W26,Developer Tools,Open-source spec framework for AI coding agents,MODERATE,True,True,False,False,False,8,True,False,True,True,6,Solo founder lacks commercial/GTM expertise for developer tool adoption,Strong technical founder with direct experience building what he's solving
https://www.ycombinator.com/companies/envariant,Envariant,W26,Artificial Intelligence,Interpretability and reasoning infra for foundation models,MODERATE,True,True,False,False,False,8,True,False,True,True,6,Solo founder lacks commercial experience for complex B2B AI infrastructure sale,Deep AI research background from top institutions targeting critical model interpretability problem
https://www.ycombinator.com/companies/crow,Crow,W26,B2B Software,AI agent that lets users control apps through chat instead of clicking menus,MODERATE,True,True,False,False,False,7,True,False,True,False,6,Missing commercial cofounder for B2B sales and GTM execution,Strong technical team with relevant startup engineering experience
https://www.ycombinator.com/companies/axionorbital-space,AxionOrbital Space,W26,Space/Defense Tech,Foundation models translating radar data into optical imagery for 24/7 Earth observation,MODERATE,True,False,False,False,False,7,True,False,True,False,6,Missing commercial cofounder for complex defense/enterprise sales cycles,Strong technical team with direct space industry experience (ISRO)
https://www.ycombinator.com/companies/oximy,Oximy,W26,Enterprise Software,See and control all AI activity across your enterprise,MODERATE,True,False,False,False,False,7,True,True,True,True,6,Solo founder tackling complex enterprise sales and technical implementation,Deep domain expertise from 6 years watching enterprise AI challenges
https://www.ycombinator.com/companies/sparkles,Sparkles,W26,Developer Tools,Web platform enabling non-technical team members to make code changes via UI,MODERATE,True,True,False,False,False,7,True,False,True,True,5,Solo founder without commercial experience in competitive dev tools market,Strong technical background with direct experience at relevant startups
https://www.ycombinator.com/companies/sonarly,Sonarly,W26,DevOps/Infrastructure,AI engineer that automatically detects and fixes production bugs,MODERATE,False,True,False,False,False,7,True,False,True,False,6,No commercial cofounder to handle enterprise sales and GTM,Strong technical founders who built and scaled production systems
https://www.ycombinator.com/companies/mantis,Mantis,W26,Healthcare/Biotech,Digital twins of humans for predictive modeling,MODERATE,True,False,False,True,False,7,True,False,True,True,6,Solo founder without commercial cofounder in complex B2B healthcare market,Repeat YC founder with strong technical and biomedical domain expertise
https://www.ycombinator.com/companies/overdrive-health,Overdrive Health,W26,Healthcare,AI-powered medical billing services for healthcare providers,MODERATE,True,False,False,False,False,7,True,False,True,True,6,Solo founder without commercial cofounder in sales-heavy billing industry,Strong healthcare AI experience from unicorn EliseAI background
https://www.ycombinator.com/companies/galactic-resource-utilization-space-inc-gru-space,"Galactic Resource Utilization Space, Inc. (GRU Space)",W26,Aerospace,Building permanent lunar infrastructure starting with the first hotel on the Moon,MODERATE,True,False,False,False,True,7,True,False,True,True,5,Solo founder tackling extremely capital-intensive space infrastructure with no commercial cofounder,Strong technical background with Tesla experience and proven space hardware development
https://www.ycombinator.com/companies/fixture,Fixture,W26,B2B Software,AI-first CRM built for startups,MODERATE,True,False,True,True,False,6,True,True,False,False,7,No direct CRM/sales experience despite building sales tool,Repeat YC founders with prior successful exit (Swiftype to Elastic)
https://www.ycombinator.com/companies/booko,Booko,W26,B2B SaaS,Dynamic pricing engine for businesses that sell time slots,MODERATE,False,False,False,False,False,6,True,True,False,False,7,No direct experience running time-slot businesses they're optimizing for,Strong technical founder with relevant dynamic pricing experience at Joby/Uber
https://www.ycombinator.com/companies/robby,Robby,W26,B2B Software,AI agents that grow revenue for home services businesses,MODERATE,True,False,False,False,True,6,True,True,True,False,9,No direct home services operating experience despite extensive research,Strong technical team with complementary skills and deep customer research
https://www.ycombinator.com/companies/rhizome-ai,Rhizome AI,W26,Healthcare/Life Sciences,Agent platform for life sciences regulatory research and FDA guidance,MODERATE,True,False,False,False,False,6,True,True,False,True,6,Solo founder without direct regulatory affairs experience in pharma,Strong technical background with enterprise sales experience and life sciences exposure
https://www.ycombinator.com/companies/laurence,Laurence,W26,Marketing/Advertising,Autonomous performance marketing using AI for Amazon advertising,MODERATE,False,False,False,False,True,6,True,False,False,False,6,"No direct advertising/marketing experience, unproven GTM in competitive space",Strong technical team from Google/Facebook with quantitative trading expertise
https://www.ycombinator.com/companies/unisson,Unisson,W26,B2B Software,AI agents that automate B2B software implementation,MODERATE,True,False,False,True,False,6,True,False,False,False,6,No direct customer success or implementation experience among founders,Strong AI/ML technical expertise with prior YC experience
https://www.ycombinator.com/companies/skillsync,Skillsync,W26,HR Tech,AI recruiter that hires engineers based on shipped code,MODERATE,False,False,False,False,False,6,True,True,False,False,7,No direct recruiting industry experience or hiring function background,Strong technical team with open source credibility and product insight
https://www.ycombinator.com/companies/burt,Burt,W26,B2B,AI teammates for logistics automation,MODERATE,True,False,False,False,False,6,True,False,True,False,6,No commercial cofounder in relationship-driven logistics industry,Strong technical team with domain knowledge from logistics family
https://www.ycombinator.com/companies/ruma-care,Ruma Care,W26,Healthcare,Operations stack automating admin work for biologic infusion clinics,MODERATE,True,False,False,False,True,6,True,True,False,False,7,No direct healthcare operations experience in infusion clinic workflows,Strong tech team from Apple/Medallion with healthcare integration experience
https://www.ycombinator.com/companies/eos-ai,Eos AI,W26,Healthcare,Autonomous OS for healthcare data intelligence and predictions,MODERATE,True,False,False,False,False,6,True,False,True,False,6,Solo technical founder without commercial experience in complex healthcare sales,Strong technical background with direct healthcare research experience at Stanford Medicine
https://www.ycombinator.com/companies/fullseam,FullSeam,W26,B2B Software,AI agents for corporate accounting teams,MODERATE,False,False,True,True,False,6,True,True,False,False,7,"No direct accounting experience, building for function they haven't done",Repeat YC founders with prior 8-figure exit and strong technical execution
https://www.ycombinator.com/companies/oxus,Oxus,W26,B2B Software,AI-powered automation for internal audit workflows,MODERATE,True,False,False,False,True,6,True,False,True,False,7,"No founder has hands-on audit experience, only adjacent finance roles",Strong technical team from MIT with relevant fintech and consulting experience
https://www.ycombinator.com/companies/menza,Menza,W26,B2B Analytics,AI data analyst for consumer brands,MODERATE,True,False,True,False,True,6,True,True,False,False,7,No direct consumer brand analytics experience from founders,Strong technical team with prior exit and Goldman Sachs experience
https://www.ycombinator.com/companies/cofia,Cofia,W26,AI/Automation,AI automations that write themselves by learning your workflows,MODERATE,False,False,False,False,True,5,True,True,False,False,7,"No direct automation/AI tooling experience, competitive market with many players",Strong product/engineering backgrounds from successful high-growth companies
https://www.ycombinator.com/companies/return-signals,Return Signals,W26,E-commerce,Proactive AI customer support that engages high-value users,MODERATE,False,False,True,False,True,5,True,True,False,False,7,No direct customer support or e-commerce experience from founders,Strong technical founder with AI/ML background and prior exit
https://www.ycombinator.com/companies/vela,Vela,W26,B2B Software,AI scheduling assistant for complex business interactions and coordination,MODERATE,False,False,False,False,True,4,True,True,False,False,7,No direct scheduling/coordination industry experience or customer pain validation,Strong technical team with AWS ML experience and prior entrepreneurship
https://www.ycombinator.com/companies/samora-ai,Samora AI,W26,AI/Voice Technology,Multilingual voice agents that outperform humans,MODERATE,False,False,False,False,True,4,True,True,False,False,7,No direct voice AI or call center industry experience,Strong technical team from top companies with product scaling experience
https://www.ycombinator.com/companies/jinba,Jinba,W26,B2B,Automate enterprise workflows through chat,MODERATE,False,False,False,False,True,4,True,True,False,False,7,No direct enterprise workflow automation experience from founders,Strong technical founder with PhD plus McKinsey commercial experience
https://www.ycombinator.com/companies/ramain,RamAIn,W26,AI/Automation,AI agents that automate complex desktop and browser tasks,MODERATE,False,False,False,False,True,4,True,True,False,False,7,"No direct enterprise automation experience, competitive AI agent market",Strong technical team with AI research background and Meta connection
https://www.ycombinator.com/companies/fenrock-ai,Fenrock AI,W26,Fintech,AI agents for banking back office compliance and operations,MODERATE,False,False,False,False,True,3,True,True,False,False,7,No banking industry experience despite targeting highly regulated sector,Strong technical founder from Google/Apple with prior startup experience
https://www.ycombinator.com/companies/lance,Lance,W26,AI/Hospitality,"AI agents that answer calls, close sales, and run hotel operations",MODERATE,False,False,True,True,True,3,True,True,False,False,7,No hotel industry experience among founders,Strong technical team with prior exits and top company experience
https://www.ycombinator.com/companies/the-token-company,The Token Company,W26,AI/ML Infrastructure,Compression middleware that improves LLM outputs,WEAK,True,True,False,False,False,8,True,False,True,True,4,Solo founder lacks commercial experience for enterprise AI infrastructure sales,Deep ML expertise with proven performance improvements and customer validation
https://www.ycombinator.com/companies/doomersion,Doomersion,W26,Education,Language learning app that uses TikTok-style videos matched to user level,WEAK,False,False,False,False,False,6,True,True,False,True,6,Solo founder with no formal education/language learning industry experience,Strong personal domain knowledge and early user traction (15k downloads)
https://www.ycombinator.com/companies/synthetic-sciences,Synthetic Sciences,W26,AI/ML,AI co-scientists for end-to-end scientific research automation,WEAK,False,False,True,False,False,6,True,False,False,False,5,Young founders lack deep scientific research experience in target market,Strong technical credentials with AI competition wins and academic publications
https://www.ycombinator.com/companies/cajal-technologies,Cajal,W26,AI/ML,Scaling formal verification with AI for scientific discovery,WEAK,False,False,False,False,False,6,True,False,True,False,6,Academic founders may struggle with commercialization and market validation,Strong technical expertise in formal verification and AI research
https://www.ycombinator.com/companies/confluence-labs,Confluence Labs,W26,AI/ML,Foundation models optimized for learning efficiency in data-sparse domains,WEAK,False,False,False,False,False,6,True,False,False,False,4,"Very young founders (20, 23) with no industry experience or commercial skills",Strong technical execution evidenced by SOTA ARC-AGI-2 benchmark performance
https://www.ycombinator.com/companies/milliray,Milliray,W26,Defense/Security,High-frequency radar systems to detect and track small drones,WEAK,False,False,False,False,False,6,True,False,False,False,5,All-PhD team lacks commercial/defense industry experience and go-to-market capability,Strong technical team with relevant physics/radar expertise for complex detection problem
https://www.ycombinator.com/companies/aemon,Aemon,W26,AI/ML,Autonomous AI research engineer that generates and tests thousands of solution approaches,WEAK,False,False,False,False,False,6,True,False,False,False,5,Young founders lack commercial experience and industry connections for enterprise sales,Strong technical credentials with published AI research and proven algorithmic results
https://www.ycombinator.com/companies/verdex,Verdex,W26,Insurance,AI insurance adjuster using satellite imagery to verify claims instantly,WEAK,False,False,False,False,False,6,True,False,False,False,5,No insurance industry experience or commercial expertise on team,Strong technical skills with relevant satellite imagery and AI experience
https://www.ycombinator.com/companies/rubric-ai,Rubric AI,W26,AI Infrastructure,Reasoning and verification infrastructure for AI systems,WEAK,False,False,False,False,True,5,False,True,False,False,4,Product-focused founder building complex AI infrastructure without clear technical depth,Strong product experience at high-growth companies like Asana and Oscar
https://www.ycombinator.com/companies/trycardinal-ai,Cardinal,W26,B2B,AI platform for precision outbound sales,WEAK,False,False,True,True,True,4,True,False,False,False,6,No sales/GTM experience despite building for sales teams,Repeat YC founders with prior exit and top-tier tech backgrounds
https://www.ycombinator.com/companies/remix-3,Remix,W26,Consumer,Social media content auto-generated with your existing data,WEAK,False,False,False,False,True,4,True,False,False,True,4,Solo founder with no social media/content creation industry experience,Strong technical background from top company (Brex) with early AI experience
https://www.ycombinator.com/companies/maven,Maven,W26,Fintech,Payments infrastructure for AI voice agents to collect payments over phone,WEAK,False,False,False,False,True,4,True,False,False,False,5,"No payments industry experience, building complex PCI-compliant infrastructure",Strong technical team from Meta/Amazon targeting emerging AI voice market
https://www.ycombinator.com/companies/fort,Fort,W26,Consumer Hardware,Strength tracking wearable for longevity-focused fitness enthusiasts,WEAK,False,False,False,False,True,4,True,False,False,False,6,No fitness industry experience or commercial expertise on team,Strong technical team from Tesla/SpaceX with hardware engineering expertise
https://www.ycombinator.com/companies/o11,o11,W26,B2B Software,AI agent that automates workflows inside Microsoft Office and Google Workspace apps,WEAK,False,False,False,False,False,4,True,False,False,False,5,Young founders lack enterprise sales experience and domain expertise,Strong technical team with early product traction and clear market need
https://www.ycombinator.com/companies/cardboard,Cardboard,W26,B2B Software,Agentic video editor for growth/marketing teams and creators,WEAK,False,False,False,False,False,4,True,True,False,False,6,No direct video editing industry experience or user validation,Strong technical team with browser performance and AI expertise
https://www.ycombinator.com/companies/hex-security,Hex Security,W26,Security,AI agents that run continuous penetration tests against apps and infrastructure,WEAK,False,False,False,False,True,4,True,False,False,False,5,No cybersecurity industry experience or professional penetration testing background,Strong technical team with AI/ML expertise from top companies
https://www.ycombinator.com/companies/eigenpal,EigenPal,W26,B2B,AI Document Workflows for Enterprises,WEAK,False,False,False,False,True,4,True,False,False,False,5,No domain expertise in enterprise document processing workflows,Strong technical team with prior startup experience
https://www.ycombinator.com/companies/luel,Luel,W26,AI/ML,Rights-cleared multimodal training data marketplace for AI companies,WEAK,False,False,False,False,False,4,True,False,False,False,5,College dropouts with no proven AI/data industry experience,Addressing real pain point in AI training data procurement
https://www.ycombinator.com/companies/scheduling-wizard,Scheduling Wizard,W26,Healthcare,Logistics infrastructure to modernize healthcare operations,WEAK,False,False,False,False,False,4,True,True,False,False,6,No healthcare industry experience despite complex hospital operations domain,Strong technical founder with proven logistics algorithm expertise from DoD
https://www.ycombinator.com/companies/zatanna,Zatanna,W26,B2B Software,Turning all software into agent-first APIs,WEAK,False,False,False,False,False,4,True,False,False,False,5,Very limited founder background info suggests inexperienced team,Technical team tackling real API integration pain point
https://www.ycombinator.com/companies/lexius,Lexius,W26,Security/AI,AI for corporate security cameras - detects incidents and prevents liability,WEAK,False,False,False,False,False,4,True,True,False,False,6,No direct security industry experience or customer validation evidence,Strong technical team with relevant computer vision expertise
https://www.ycombinator.com/companies/klaus-ai,Klaus AI,W26,AI/ML,Fast and Safe OpenClaw personal assistant on the cloud,WEAK,False,False,False,False,True,4,True,False,False,False,5,Building wrapper around existing tool with unclear differentiation,Strong technical founder from Jane Street with AI/ML experience
https://www.ycombinator.com/companies/kita,Kita,W26,Fintech,Automate credit review for lenders in emerging markets,WEAK,False,False,False,False,True,4,True,True,False,False,6,No direct lending or credit industry experience from founders,Strong technical team with Apple experience and local market knowledge
https://www.ycombinator.com/companies/origin-bio,Origin,W26,Biotech,AI and data platform for cancer therapeutics and cell/gene therapy safety,WEAK,False,False,False,True,False,4,True,False,False,False,4,Two CS students with no biotech/pharma experience tackling complex regulatory biology,Strong technical team with published research and prior YC experience
https://www.ycombinator.com/companies/wideframe,Wideframe,W26,AI/Video Technology,AI coworker for video editors to ship more video faster,WEAK,False,False,False,False,False,3,True,True,False,False,6,Founders lack video editing industry experience and domain expertise,Strong technical execution with Adobe Premiere Pro integration
https://www.ycombinator.com/companies/librar-labs,Librar Labs,W26,AI,AI librarian that automates library work and doubles reading rates,WEAK,False,False,True,False,True,3,True,True,False,False,6,No library/education industry experience among founders,Strong technical team with top-tier company backgrounds
https://www.ycombinator.com/companies/ritivel,Ritivel,W26,Generative AI,AI-native platform for Life-Sciences Documentation,WEAK,False,False,False,False,True,3,True,True,False,False,6,No pharma industry experience despite targeting highly regulated life sciences market,Strong technical team from Microsoft Research with AI/ML expertise
https://www.ycombinator.com/companies/copperlane,Copperlane,W26,Fintech,AI mortgage loan officer that accelerates lending and reduces application errors,WEAK,False,False,False,False,False,3,True,True,False,False,6,No direct mortgage industry experience despite complex regulated domain,Strong technical team with complementary skills and family mortgage connections
https://www.ycombinator.com/companies/sila,Sila,W26,B2B Software,Agentic workspace messaging platform for human-AI collaboration,WEAK,False,False,False,False,False,3,True,True,False,False,6,No clear founder domain expertise in enterprise messaging or AI,Technical + commercial co-founder team tackling large market opportunity
https://www.ycombinator.com/companies/bubble-lab,Bubble Lab,W26,Enterprise Software,AI ops super-employee that automates workflows in Slack,WEAK,False,False,False,False,False,3,True,True,False,False,6,Young founders with limited ops experience building for ops teams,Strong technical execution with 4000+ users already using product
https://www.ycombinator.com/companies/caretta,Caretta,W26,B2B Software,Realtime AI for sales calls that helps reps answer technical questions,WEAK,False,False,False,False,False,3,True,False,False,False,5,No sales experience among founders building for sales teams,Strong technical team with proven ability to scale products
https://www.ycombinator.com/companies/human-archive,Human Archive,W26,AI/Robotics,Multimodal data provider for robotics and world modeling,WEAK,False,False,False,False,False,3,True,True,False,False,6,College dropouts with no robotics industry experience building complex hardware systems,Strong technical team tackling massive market opportunity in robotics data
https://www.ycombinator.com/companies/sitefire,sitefire,W26,Marketing/AI,Marketing suite for the agentic web,WEAK,False,False,False,False,False,3,True,False,False,False,5,Academic founders with no marketing industry experience building for marketers,Strong technical team tackling emerging AI-native marketing opportunity
https://www.ycombinator.com/companies/ressl-ai,Ressl AI,W26,B2B,AI agents that automate back office operations for trades businesses,WEAK,False,False,False,False,True,3,True,False,False,False,5,No domain expertise in trades industry they're targeting,"Strong technical team from top companies (Google, Microsoft)"
https://www.ycombinator.com/companies/stilta,Stilta,W26,Legal Tech,Agentic AI for intellectual property patent litigation,WEAK,False,False,False,False,True,3,True,True,False,False,6,No IP/legal domain expertise among founders in specialized field,Strong technical team with McKinsey/Goldman pedigree and early traction
https://www.ycombinator.com/companies/perfectly,Perfectly,W26,HR Tech,"AI-native recruiting agency automating sourcing, screening, and candidate qualification",WEAK,False,False,False,False,True,3,True,False,False,False,5,Strong tech team but no recruiting industry experience or commercial expertise,Elite ML talent from Meta/TikTok building AI-first recruiting solution
https://www.ycombinator.com/companies/ishikilabs,Fern (Formerly Ishiki Labs),W26,B2B Software,Proactive AI assistant for sales meetings with real-time coaching,WEAK,False,False,False,False,True,3,True,False,False,False,5,No sales experience building for sales professionals,Strong AI/ML expertise from Meta LlaMA and Reality Labs
https://www.ycombinator.com/companies/octapulse,OctaPulse,W26,AgTech,AI vision to automate quality inspection in fish farms,WEAK,False,False,False,False,True,3,True,True,False,False,6,"No aquaculture experience, entering highly specialized industry with complex biology",Strong technical founder from CMU Robotics with Bloomberg enterprise sales experience
https://www.ycombinator.com/companies/tepali,Tepali,W26,Healthcare,AI-native operating system for medspas,WEAK,False,False,False,True,False,3,True,True,False,False,6,"No medspa industry experience, building for unfamiliar vertical","Strong technical founder with POS experience, repeat YC founder"
https://www.ycombinator.com/companies/panta,Panta,W26,Fintech,AI Native Commercial Insurance Brokerage,WEAK,False,False,False,False,True,3,True,False,False,False,4,No insurance industry experience or domain expertise among founders,Strong technical team from Google/Apple with AI/ML expertise
https://www.ycombinator.com/companies/hlabs,Hlabs,W26,Robotics,US-made plug-and-play parts and electronics for building robots,WEAK,False,False,False,True,False,3,True,True,False,True,6,Solo founder with limited robotics industry experience in complex hardware space,Repeat YC founder with 6 years CEO experience at previous startup
https://www.ycombinator.com/companies/travo,Travo,W26,Real Estate,Data infrastructure for real estate with AI-powered property analytics,WEAK,False,False,True,False,True,3,True,False,False,False,5,No real estate domain expertise among four technical founders,Strong technical team with prior exit and top company experience
https://www.ycombinator.com/companies/pollen,Pollen,W26,B2B SaaS,AI agents that manage every customer for B2B startups,WEAK,False,False,False,False,True,3,True,False,False,False,5,No customer success experience among founders building CS automation tool,Strong technical team with Amazon/AWS experience building AI systems
https://www.ycombinator.com/companies/pollinate,Pollinate,W26,B2B,AI Agents for supply chain automation and ERP data management,WEAK,False,False,False,False,False,2,True,True,False,False,6,No supply chain experience building for complex enterprise workflows,Technical founders with entrepreneurial track record and clear market problem
https://www.ycombinator.com/companies/revion,Revion,W26,B2B Software,"Operating system for automotive retail, automating technician administrative work",WEAK,False,False,False,False,True,2,True,True,False,False,6,No automotive industry experience among founders,Strong technical and commercial backgrounds from top firms
https://www.ycombinator.com/companies/moda,Moda,W26,B2B Software,Monitoring and reliability layer for AI agents,PASS,False,False,False,False,False,3,True,False,False,False,4,No founder background info available to assess domain expertise,Building for emerging AI agent monitoring market with clear problem
https://www.ycombinator.com/companies/remy-ai,Remy AI,W26,Robotics,AI-powered robots for dexterous tasks in e-commerce warehouses,PASS,False,False,False,False,False,3,True,False,False,False,4,"No warehouse operations experience, consulting background may lack execution depth",Strong technical team with PhD-level computer vision and robotics expertise
https://www.ycombinator.com/companies/traverse,Traverse,W26,AI/ML,"Research lab creating training data for subjective, non-verifiable work domains",PASS,False,False,False,False,False,3,True,False,False,False,4,Extremely sparse founder info and unclear product-market fit validation,Technical team tackling important AI training data problem
https://www.ycombinator.com/companies/salus,Salus,W26,Developer Tools,Runtime guardrails that validate AI agent actions before execution,PASS,False,False,False,False,False,3,True,False,False,False,4,"Very limited founder background info, unclear commercial experience",Technical founders from Stanford CS tackling real AI safety problem
https://www.ycombinator.com/companies/noetic,noetic,W26,B2B Software,"AI that gets hardware compliance done in weeks, not months",PASS,False,False,False,False,False,3,True,False,False,False,4,Yale dropouts with no compliance industry experience tackling complex regulatory domain,"Strong technical team from Yale targeting large, painful compliance market"
https://www.ycombinator.com/companies/didit,Didit,W26,Identity/Security,Identity platform for fast human verification using face scans,PASS,False,False,False,False,False,3,True,False,False,False,4,No domain expertise in identity/security industry from founding team,Technical twin founders with AI engineering background for identity tech
https://www.ycombinator.com/companies/haladir,Haladir,W26,AI/ML,AI product lab combining formal solvers with LLMs for operational decision-making,PASS,False,False,False,False,False,3,True,False,False,False,4,Four technical founders with no clear industry experience or commercial expertise,Strong technical team from top universities tackling complex AI optimization problems
https://www.ycombinator.com/companies/inviscid-ai,Inviscid AI,W26,Industrial Tech,Real-time physics simulations for industrial facilities and data centers,PASS,False,False,False,False,False,3,True,False,False,False,4,No clear domain expertise in facilities management or data center operations,Strong technical team with physics and simulation expertise
https://www.ycombinator.com/companies/agentic-fabriq,Agentic Fabriq,W26,Security/Identity,Identity and governance layer for AI agents,PASS,False,False,False,False,False,3,True,False,False,False,4,Young founders with no security/identity industry experience building complex enterprise product,Strong technical background from MIT targeting emerging AI agent market
https://www.ycombinator.com/companies/velum-labs,Velum Labs,W26,Data Engineering,The OS for data quality across any stack,PASS,False,False,False,False,False,3,True,False,False,False,4,Academic founders with no data engineering industry experience,Strong technical backgrounds in quantum computing and ML
https://www.ycombinator.com/companies/wayco,Wayco,W26,Legal Tech,AI operator for medlegal cases,PASS,False,False,True,False,False,2,True,False,False,True,3,Solo founder with no medlegal domain experience in complex regulated industry,Strong technical background with prior exit experience despite young age
https://www.ycombinator.com/companies/scout-out,Scout Out,W26,Construction Tech,AI-powered project management platform for residential contractors,PASS,False,False,False,False,False,2,True,False,False,True,3,Solo technical founder with no construction industry experience,Strong technical background from UC Berkeley M.E.T. program
https://www.ycombinator.com/companies/arzule,Arzule,W26,B2B SaaS,AI-native ecosystem revenue platform for B2B partnerships,PASS,False,False,False,False,False,2,True,False,False,False,4,Young founders with no partnerships/sales experience building for complex B2B function,Strong technical team with AI/ML capabilities for data-driven approach
https://www.ycombinator.com/companies/valence,Valence,W26,Fintech,Unified trading platform for prediction markets across multiple exchanges,PASS,False,False,False,False,False,2,True,False,False,False,4,No clear domain expertise in trading or financial markets infrastructure,Strong technical team building in emerging prediction markets space
https://www.ycombinator.com/companies/pax-historia,Pax Historia,W26,Gaming,AI-powered grand strategy platform for alternate history scenarios,PASS,False,False,False,False,False,2,True,False,False,False,4,Minimal founder info suggests lack of gaming industry experience,Strong early traction with 35k daily users and passionate community
https://www.ycombinator.com/companies/docura-health,Docura Health,W26,Healthcare,AI-Native Med-Legal Firm automating workers' comp medical record review,PASS,False,False,False,False,False,2,True,False,False,True,3,Solo founder with no med-legal experience in complex regulatory domain,Clear problem with existing customers and measurable traction
https://www.ycombinator.com/companies/claimglide,ClaimGlide,W26,Digital Health,AI automated prior-auths for private medical practices,PASS,False,False,False,False,False,2,True,False,False,True,3,Solo founder with no healthcare experience in complex regulatory space,Targeting clear pain point in healthcare administration
https://www.ycombinator.com/companies/bidflow,Bidflow,W26,Construction,AI copilot for electrical contractors to automate bidding and estimating,PASS,False,False,False,False,False,2,True,False,False,False,4,No domain expertise in electrical contracting industry,Clear problem identification in tedious manual estimation process
,url,,,"Client error '404 Not Found' for url 'https://www.ycombinator.com/companies/url'
For more information check: https://developer.mozilla.org/en-US/docs/Web/HTTP/Status/404",,,,,,,,,,,,,,
